{
  "Acts" : [
    {
            "id":"1",
            "title":"This is a title",
            "introduction":"This is the introduction",
            "punishment":"this is the punishment",
            "reference":"this is reference"

    },
    {
            "id":"2",
            "title":"This is a title 2",
            "introduction":"Et quisque ullamcorper gravida lacinia vestibulum euismod id arcu vestibulum sodales dictum in eleifend dictumst eu.Id vitae duis leo placerat adipiscing.Et quisque ullamcorper gravida lacinia vestibulum euismod id arcu vestibulum sodales dictum in eleifend dictumst eu.Id vitae duis leo placerat adipiscing.Et quisque ullamcorper gravida lacinia vestibulum euismod id arcu vestibulum sodales dictum in eleifend dictumst eu.Id vitae duis leo placerat adipiscing.Et quisque ullamcorper gravida lacinia vestibulum euismod id arcu vestibulum sodales dictum in eleifend dictumst eu.Id vitae duis leo placerat adipiscing.Et quisque ullamcorper gravida lacinia vestibulum euismod id arcu vestibulum sodales dictum in eleifend dictumst eu.Id vitae duis leo placerat adipiscing.Et quisque ullamcorper gravida lacinia vestibulum euismod id arcu vestibulum sodales dictum in eleifend dictumst eu.Id vitae duis leo placerat adipiscing.Et quisque ullamcorper gravida lacinia vestibulum euismod id arcu vestibulum sodales dictum in eleifend dictumst eu.Id vitae duis leo placerat adipiscing.",
            "punishment":"this is the punishment",
            "reference":"this is reference"

    },
    {
            "id":"3",
            "title":"This is a title 3",
            "introduction":"This is the introduction",
            "punishment":"this is the punishment",
            "reference":"this is reference"

    },
    {
            "id":"4",
            "title":"This is a title 4",
            "introduction":"This is the introduction",
            "punishment":"this is the punishment",
            "reference":"this is reference"

    }
  ]

}
