{
  "StakeHolder" : [
    {
            "id":"1",
            "name":"This contains name of organization 1",
            "address":"This contais address of concerning organization",
            "contact":"Here we will describe the contact info"


    },
    {
      "id":"2",
      "name":"This contains name of organization 2",
      "address":"This contais address of concerning organization",
      "contact":"Here we will describe the contact info"

    },
    {
      "id":"3",
      "name":"This contains name of organization 3",
      "address":"This contais address of concerning organization",
      "contact":"Here we will describe the contact info"

    },
    {

          "id":"4",
        "name":"This contains name of organization 4",
        "address":"This contais address of concerning organization",
        "contact":"Here we will describe the contact info"

    }
  ]

}
